Timestamp,Lead Name,Email,Action,Status
2026-04-27T17:30:15Z,BioGenix,raris@biogenix.md,OUTREACH_EMAIL_DRAFT,READY
2026-04-27T17:30:15Z,Sterling Wealth,archer@sterlingwealth.com,OUTREACH_EMAIL_DRAFT,READY
2026-04-27T17:30:15Z,Aether Dynamics,sarah@aether.io,OUTREACH_EMAIL_DRAFT,READY
2026-04-27T19:46:10Z,SWARM_ACTIVATION,solara,Content Swarm,10 Agents,SUCCESS
2026-04-27T19:46:10Z,CONTENT_GEN_TASK,solara,Optimizr Batch 1,10 Posts,SUCCESS
2026-04-27T20:12:01Z,SWARM_ACTIVATION,sage,Compliance Swarm,10 Agents,SUCCESS
2026-04-27T20:12:01Z,ROLE_CONFIGURATION,sage,GDPR/SOC2/HIPAA/FINRA/ISO/PCI,7 Frameworks,SUCCESS
2026-04-27T20:50:16Z,SWARM_ACTIVATION,vale,Research Swarm,10 Agents,SUCCESS
2026-04-27T20:50:16Z,ROLE_CONFIGURATION,vale,Scraping/IP/Pricing/Trends/Briefs,8 Roles,SUCCESS
